doc_id,seg_id,first_delay,last_delay,recording_end,delay_span,gap,diff_ms_span
2022.acl-long.110.wav,1,1657.0,5577.0,2950.0,3920.0,2627.0,970.0
2022.acl-long.110.wav,2,7546.0,12186.0,6424.0,4640.0,5762.0,-1784.0
2022.acl-long.110.wav,3,6540.0,9980.0,5313.0,3440.0,4667.0,-1873.0
2022.acl-long.110.wav,4,3356.0,10716.0,8012.0,7360.0,2704.0,-652.0
2022.acl-long.110.wav,5,4802.0,8322.0,5396.0,3520.0,2926.0,-1876.0
2022.acl-long.110.wav,6,2545.0000000000036,12625.000000000004,10077.000000000004,10080.0,2548.0,2.999999999996362
2022.acl-long.110.wav,7,4448.0,13808.0,9799.0,9360.0,4009.0,-439.0
2022.acl-long.110.wav,8,3948.0,7068.0,4905.0,3120.0,2163.0,-1785.0
2022.acl-long.110.wav,9,4541.0,11181.0,8098.0,6640.0,3083.0,-1458.0
2022.acl-long.110.wav,10,2560.0,14800.0,11703.0,12240.0,3097.0,537.0
2022.acl-long.110.wav,11,4015.0,5775.0,2948.0,1760.0,2827.0,-1188.0
2022.acl-long.110.wav,12,3807.0,22767.0,18918.0,18960.0,3849.0,42.0
2022.acl-long.110.wav,13,3528.0,11528.0,7334.0,8000.0,4194.0,666.0
2022.acl-long.110.wav,14,6152.0,12872.0,9359.0,6720.0,3513.0,-2639.0
2022.acl-long.110.wav,15,6011.0,9371.0,4287.0,3360.0,5084.0,-927.0
2022.acl-long.110.wav,16,5416.0,7816.0,3329.0,2400.0,4487.0,-929.0
2022.acl-long.110.wav,17,7085.999999999985,9805.999999999985,5323.999999999985,2720.0,4482.0,-2603.9999999999854
2022.acl-long.110.wav,18,5480.0,7720.0,3971.0,2240.0,3749.0,-1731.0
2022.acl-long.110.wav,19,4528.0,8928.0,5405.0,4400.0,3523.0,-1005.0
2022.acl-long.110.wav,20,4761.0,7881.0,4632.0,3120.0,3249.0,-1512.0
2022.acl-long.110.wav,21,3887.0,4927.0,1682.0,1040.0,3245.0,-642.0
2022.acl-long.110.wav,22,5122.0,13042.0,10360.0,7920.0,2682.0,-2440.0
2022.acl-long.110.wav,23,3380.0,7540.0,4110.0,4160.0,3430.0,50.0
2022.acl-long.110.wav,24,4868.0,6868.0,4349.0,2000.0,2519.0,-2349.0
2022.acl-long.110.wav,25,4217.0,8457.0,4712.0,4240.0,3745.0,-472.0
2022.acl-long.110.wav,26,3803.0,11323.0,7079.0,7520.0,4244.0,441.0
2022.acl-long.110.wav,27,5101.0,14061.0,10459.0,8960.0,3602.0,-1499.0
2022.acl-long.110.wav,28,6000.0,13920.0,10578.0,7920.0,3342.0,-2658.0
2022.acl-long.110.wav,29,6781.0,13981.0,9999.0,7200.0,3982.0,-2799.0
2022.acl-long.110.wav,30,3595.0,9275.0,5511.0,5680.0,3764.0,169.0
2022.acl-long.110.wav,31,4981.0,14421.0,9598.0,9440.0,4823.0,-158.0
2022.acl-long.110.wav,32,5539.0,6819.0,3910.0,1280.0,2909.0,-2630.0
2022.acl-long.110.wav,33,4547.0,15107.0,10581.0,10560.0,4526.0,-21.0
2022.acl-long.110.wav,34,5905.0,7425.0,3443.0,1520.0,3982.0,-1923.0
2022.acl-long.110.wav,35,5078.0,6678.0,2307.0,1600.0,4371.0,-707.0
2022.acl-long.110.wav,36,6089.999999999971,8729.99999999997,3763.0,2640.0,4966.999999999971,-1123.0
2022.acl-long.110.wav,37,5107.0,14227.0,10399.0,9120.0,3828.0,-1279.0
2022.acl-long.110.wav,38,6667.0,9547.0,5707.0,2880.0,3840.0,-2827.0
2022.acl-long.110.wav,39,5755.0,16475.0,12125.0,10720.0,4350.0,-1405.0
2022.acl-long.110.wav,40,4409.0,14329.0,10122.0,9920.0,4207.0,-202.0
2022.acl-long.110.wav,41,5107.0,21187.0,15649.0,16080.0,5538.0,431.0
2022.acl-long.110.wav,42,5455.0,6815.0,2647.0,1360.0,4168.0,-1287.0
2022.acl-long.110.wav,43,7608.0,11288.0,5385.0,3680.0,5903.0,-1705.0
2022.acl-long.110.wav,44,8741.0,15301.0,10459.0,6560.0,4842.0,-3899.0
2022.acl-long.110.wav,45,8339.0,10739.0,5032.0,2400.0,5707.0,-2632.0
2022.acl-long.110.wav,46,6442.0,8442.0,6068.0,2000.0,2374.0,-4068.0
2022.acl-long.110.wav,47,3412.0,8052.0,3289.0,4640.0,4763.0,1351.0
2022.acl-long.110.wav,48,4621.0,7741.0,3404.0,3120.0,4337.0,-284.0
2022.acl-long.110.wav,49,6956.0,9356.0,3993.0,2400.0,5363.0,-1593.0
2022.acl-long.110.wav,50,6962.0,8482.0,3564.0,1520.0,4918.0,-2044.0
2022.acl-long.110.wav,51,5175.0,12775.0,8628.0,7600.0,4147.0,-1028.0
2022.acl-long.110.wav,52,5365.0,10725.0,6928.0,5360.0,3797.0,-1568.0
2022.acl-long.110.wav,53,5935.0,10175.0,8035.0,4240.0,2140.0,-3795.0
2022.acl-long.110.wav,54,4939.0,8459.0,3722.0,3520.0,4737.0,-202.0
2022.acl-long.110.wav,55,5895.0,13015.0,6854.0,7120.0,6161.0,266.0
2022.acl-long.110.wav,56,6020.0,12100.0,7184.0,6080.0,4916.0,-1104.0
2022.acl-long.110.wav,57,5534.0,10174.0,5033.0,4640.0,5141.0,-393.0
2022.acl-long.110.wav,58,7501.0,12381.0,6844.0,4880.0,5537.0,-1964.0
2022.acl-long.110.wav,59,6392.0,12632.0,7035.0,6240.0,5597.0,-795.0
2022.acl-long.110.wav,60,7615.0,9615.0,4431.0,2000.0,5184.0,-2431.0
2022.acl-long.110.wav,61,5162.0,10202.0,5565.0,5040.0,4637.0,-525.0
2022.acl-long.110.wav,62,8215.0,11975.0,6495.0,3760.0,5480.0,-2735.0
2022.acl-long.110.wav,63,7951.0,12591.0,6130.0,4640.0,6461.0,-1490.0
2022.acl-long.110.wav,64,6820.0,15940.0,7752.0,9120.0,8188.0,1368.0
2022.acl-long.110.wav,65,8087.0,12647.0,7193.0,4560.0,5454.0,-2633.0
2022.acl-long.110.wav,66,8070.0,10470.0,4609.0,2400.0,5861.0,-2209.0
2022.acl-long.110.wav,67,10420.0,18740.0,12699.0,8320.0,6041.0,-4379.0
2022.acl-long.110.wav,68,6900.0,12980.0,5006.0,6080.0,7974.0,1074.0
2022.acl-long.110.wav,69,9553.0,13793.0,8415.0,4240.0,5378.0,-4175.0
2022.acl-long.110.wav,70,7476.0,18916.0,10350.0,11440.0,8566.0,1090.0
2022.acl-long.110.wav,71,8525.0,9805.0,2705.0,1280.0,7100.0,-1425.0
2022.acl-long.110.wav,72,7474.0,17234.0,15072.0,9760.0,2162.0,-5312.0
2022.acl-long.110.wav,73,4701.0,11821.0,5566.0,7120.0,6255.0,1554.0
2022.acl-long.110.wav,74,5984.0,9024.0,3509.0,3040.0,5515.0,-469.0
2022.acl-long.110.wav,75,6735.0,11535.0,5607.0,4800.0,5928.0,-807.0
2022.acl-long.110.wav,76,7487.0,15407.0,8966.0,7920.0,6441.0,-1046.0
2022.acl-long.110.wav,77,7940.0,10180.0,3386.0,2240.0,6794.0,-1146.0
2022.acl-long.110.wav,78,7612.0,16732.0,9861.0,9120.0,6871.0,-741.0
2022.acl-long.110.wav,79,7050.0,15690.0,7998.0,8640.0,7692.0,642.0
2022.acl-long.110.wav,80,7430.0,11590.0,5193.0,4160.0,6397.0,-1033.0
2022.acl-long.110.wav,81,8136.0,13096.0,6548.0,4960.0,6548.0,-1588.0
2022.acl-long.110.wav,82,7305.0,13785.0,7721.0,6480.0,6064.0,-1241.0
2022.acl-long.110.wav,83,7122.0,11682.0,5829.0,4560.0,5853.0,-1269.0
2022.acl-long.110.wav,84,9411.0,12371.0,5154.0,2960.0,7217.0,-2194.0
2022.acl-long.110.wav,85,6796.0,15436.0,9190.0,8640.0,6246.0,-550.0
2022.acl-long.110.wav,86,5441.0,24561.0,13368.0,19120.0,11193.0,5752.0
2022.acl-long.110.wav,87,12151.0,21031.0,14891.0,8880.0,6140.0,-6011.0
2022.acl-long.110.wav,88,5725.0,11325.0,7502.0,5600.0,3823.0,-1902.0
2022.acl-long.110.wav,89,4382.0,27902.0,21390.0,23520.0,6512.0,2130.0
2022.acl-long.110.wav,90,6650.0,11530.0,4853.0,4880.0,6677.0,27.0
2022.acl-long.110.wav,91,6655.0,7215.0,1142.0,560.0,6073.0,-582.0
2022.acl-long.117.wav,1,1758.0,9838.0,5673.0,8080.0,4165.0,2407.0
2022.acl-long.117.wav,2,4384.0,9104.0,5328.0,4720.0,3776.0,-608.0
2022.acl-long.117.wav,3,4813.0,7053.0,3606.0,2240.0,3447.0,-1366.0
2022.acl-long.117.wav,4,5187.0,15587.0,12069.0,10400.0,3518.0,-1669.0
2022.acl-long.117.wav,5,4235.0,14395.0,7692.0,10160.0,6703.0,2468.0
2022.acl-long.117.wav,6,6742.0,11222.0,6236.0,4480.0,4986.0,-1756.0
2022.acl-long.117.wav,7,4225.0,8945.0,4983.0,4720.0,3962.0,-263.0
2022.acl-long.117.wav,8,3439.0,4239.0,802.0,800.0,3437.0,-2.0
2022.acl-long.117.wav,9,4476.0,12556.0,9898.0,8080.0,2658.0,-1818.0
2022.acl-long.117.wav,10,2895.0,9535.0,7052.0,6640.0,2483.0,-412.0
2022.acl-long.117.wav,11,3643.0,6283.0,3803.0,2640.0,2480.0,-1163.0
2022.acl-long.117.wav,12,4478.0,21118.0,17300.0,16640.0,3818.0,-660.0
2022.acl-long.117.wav,13,3716.0,7796.0,4690.0,4080.0,3106.0,-610.0
2022.acl-long.117.wav,14,5906.0,13666.0,9776.0,7760.0,3890.0,-2016.0
2022.acl-long.117.wav,15,6689.0,13809.0,10018.0,7120.0,3791.0,-2898.0
2022.acl-long.117.wav,16,6856.0,8936.0,4890.0,2080.0,4046.0,-2810.0
2022.acl-long.117.wav,17,4705.0,5905.0,2182.0,1200.0,3723.0,-982.0
2022.acl-long.117.wav,18,3962.0,8922.0,4574.0,4960.0,4348.0,386.0
2022.acl-long.117.wav,19,4488.0,14568.0,7419.0,10080.0,7149.0,2661.0
2022.acl-long.117.wav,20,7088.0,11168.0,6976.0,4080.0,4192.0,-2896.0
2022.acl-long.117.wav,21,6670.0,10350.0,4932.0,3680.0,5418.0,-1252.0
2022.acl-long.117.wav,22,6536.0,11656.0,4667.0,5120.0,6989.0,453.0
2022.acl-long.117.wav,23,4676.0,15436.0,12000.0,10760.0,3436.0,-1240.0
2022.acl-long.117.wav,24,5555.0,12995.0,9328.0,7440.0,3667.0,-1888.0
2022.acl-long.117.wav,25,9386.0,15386.0,6894.0,6000.0,8492.0,-894.0
2022.acl-long.117.wav,26,7330.0,13730.0,5648.0,6400.0,8082.0,752.0
2022.acl-long.117.wav,27,8422.0,11142.0,5396.0,2720.0,5746.0,-2676.0
2022.acl-long.117.wav,28,8505.0,18745.0,7959.0,10240.0,10786.0,2281.0
2022.acl-long.117.wav,29,9785.0,16745.0,7452.0,6960.0,9293.0,-492.0
2022.acl-long.117.wav,30,8911.0,13151.0,6839.0,4240.0,6312.0,-2599.0
2022.acl-long.117.wav,31,6171.0,14971.0,8060.0,8800.0,6911.0,740.0
2022.acl-long.117.wav,32,8048.0,10928.0,9814.0,2880.0,1114.0,-6934.0
2022.acl-long.117.wav,33,2292.0,6452.0,1604.0,4160.0,4848.0,2556.0
2022.acl-long.117.wav,34,6887.0,11367.0,7282.0,4480.0,4085.0,-2802.0
2022.acl-long.117.wav,35,7121.0,10081.0,4875.0,2960.0,5206.0,-1915.0
2022.acl-long.117.wav,36,6265.0,9145.0,3343.0,2880.0,5802.0,-463.0
2022.acl-long.117.wav,37,7401.0,11481.0,4696.0,4080.0,6785.0,-616.0
2022.acl-long.117.wav,38,5758.0,12718.0,7629.0,6960.0,5089.0,-669.0
2022.acl-long.117.wav,39,6927.0,13007.0,9111.0,6080.0,3896.0,-3031.0
2022.acl-long.117.wav,40,3834.0,13034.0,6999.0,9200.0,6035.0,2201.0
2022.acl-long.117.wav,41,7432.0,20232.0,15123.0,12800.0,5109.0,-2323.0
2022.acl-long.117.wav,42,5188.0,6548.0,2344.0,1360.0,4204.0,-984.0
2022.acl-long.117.wav,43,4220.0,13020.0,7397.0,8800.0,5623.0,1403.0
2022.acl-long.117.wav,44,4758.0,10998.0,5233.0,6240.0,5765.0,1007.0
2022.acl-long.117.wav,45,8444.0,10764.0,5529.0,2320.0,5235.0,-3209.0
2022.acl-long.117.wav,46,6271.0,14271.0,9175.0,8000.0,5096.0,-1175.0
2022.acl-long.117.wav,47,7798.0,13398.0,8478.0,5600.0,4920.0,-2878.0
2022.acl-long.117.wav,48,5177.0,12457.0,6671.0,7280.0,5786.0,609.0
2022.acl-long.117.wav,49,5479.0,9479.0,5030.0,4000.0,4449.0,-1030.0
2022.acl-long.117.wav,50,4449.0,11649.0,5444.0,7200.0,6205.0,1756.0
2022.acl-long.117.wav,51,6042.0,8042.0,4052.0,2000.0,3990.0,-2052.0
2022.acl-long.117.wav,52,5970.0,9170.0,4764.0,3200.0,4406.0,-1564.0
2022.acl-long.117.wav,53,6143.0,7583.0,2771.0,1440.0,4812.0,-1331.0
2022.acl-long.117.wav,54,6032.0,16112.0,11014.0,10080.0,5098.0,-934.0
2022.acl-long.117.wav,55,5975.0,10695.0,5887.0,4720.0,4808.0,-1167.0
2022.acl-long.117.wav,56,6178.0,13138.0,8252.0,6960.0,4886.0,-1292.0
2022.acl-long.117.wav,57,6325.0,16245.0,10339.0,9920.0,5906.0,-419.0
2022.acl-long.117.wav,58,6444.0,9644.0,4532.0,3200.0,5112.0,-1332.0
2022.acl-long.117.wav,59,6210.0,8610.0,3643.0,2400.0,4967.0,-1243.0
2022.acl-long.117.wav,60,7144.0,10264.0,5291.0,3120.0,4973.0,-2171.0
2022.acl-long.117.wav,61,7619.0,12739.0,7412.0,5120.0,5327.0,-2292.0
2022.acl-long.117.wav,62,6585.0,17385.0,10711.0,10800.0,6674.0,89.0
2022.acl-long.117.wav,63,6913.0,9313.0,3264.0,2400.0,6049.0,-864.0
2022.acl-long.117.wav,64,6464.0,11424.0,6116.0,4960.0,5308.0,-1156.0
2022.acl-long.117.wav,65,8226.0,11186.0,4812.0,2960.0,6374.0,-1852.0
2022.acl-long.117.wav,66,9739.0,13659.0,8122.0,3920.0,5537.0,-4202.0
2022.acl-long.117.wav,67,6496.0,12976.0,8116.0,6480.0,4860.0,-1636.0
2022.acl-long.117.wav,68,7317.0,10517.0,5429.0,3200.0,5088.0,-2229.0
2022.acl-long.117.wav,69,8207.0,11967.0,6718.0,3760.0,5249.0,-2958.0
2022.acl-long.117.wav,70,5760.0,13040.0,8200.0,7280.0,4840.0,-920.0
2022.acl-long.117.wav,71,9518.0,14558.0,9295.0,5040.0,5263.0,-4255.0
2022.acl-long.117.wav,72,6160.0,13440.0,7393.0,7280.0,6047.0,-113.0
2022.acl-long.117.wav,73,6420.0,13540.0,7773.0,7120.0,5767.0,-653.0
2022.acl-long.117.wav,74,8004.0,16564.0,10378.0,8560.0,6186.0,-1818.0
2022.acl-long.117.wav,75,7624.0,9784.0,2690.0,2160.0,7094.0,-530.0
2022.acl-long.117.wav,76,9493.0,15173.0,8937.0,5680.0,6236.0,-3257.0
2022.acl-long.117.wav,77,9973.0,12853.0,5793.0,2880.0,7060.0,-2913.0
2022.acl-long.117.wav,78,8299.0,14379.0,7843.0,6080.0,6536.0,-1763.0
2022.acl-long.117.wav,79,7835.0,12955.0,7073.0,5120.0,5882.0,-1953.0
2022.acl-long.117.wav,80,9298.0,12178.0,5473.0,2880.0,6705.0,-2593.0
2022.acl-long.117.wav,81,8763.0,20763.0,14648.0,12000.0,6115.0,-2648.0
2022.acl-long.117.wav,82,6374.0,10294.0,4785.0,3920.0,5509.0,-865.0
2022.acl-long.117.wav,83,8800.0,13200.0,7673.0,4400.0,5527.0,-3273.0
2022.acl-long.117.wav,84,9100.0,17420.0,11152.0,8320.0,6268.0,-2832.0
2022.acl-long.117.wav,85,8624.0,12224.0,5736.0,3600.0,6488.0,-2136.0
2022.acl-long.117.wav,86,8800.0,15440.0,9630.0,6640.0,5810.0,-2990.0
2022.acl-long.117.wav,87,9030.0,20310.0,14122.0,11280.0,6188.0,-2842.0
2022.acl-long.117.wav,88,7047.0,8407.0,2081.0,1360.0,6326.0,-721.0
2022.acl-long.117.wav,89,9425.0,18065.0,9559.0,8640.0,8506.0,-919.0
2022.acl-long.117.wav,90,8558.0,24678.0,18270.0,16120.0,6408.0,-2150.0
2022.acl-long.117.wav,91,6247.0,15047.0,9279.0,8800.0,5768.0,-479.0
2022.acl-long.117.wav,92,8467.0,12307.0,8991.0,3840.0,3316.0,-5151.0
2022.acl-long.268.wav,1,2115.0,13475.0,9160.0,11360.0,4315.0,2200.0
2022.acl-long.268.wav,2,3936.0,12976.0,10054.0,9040.0,2922.0,-1014.0
2022.acl-long.268.wav,3,2439.0,9639.0,4591.0,7200.0,5048.0,2609.0
2022.acl-long.268.wav,4,4266.0,10186.0,5497.0,5920.0,4689.0,423.0
2022.acl-long.268.wav,5,4929.0,9409.0,3506.0,4480.0,5903.0,974.0
2022.acl-long.268.wav,6,5963.0,15723.0,7920.0,9760.0,7803.0,1840.0
2022.acl-long.268.wav,7,7921.0,14321.0,8136.0,6400.0,6185.0,-1736.0
2022.acl-long.268.wav,8,6324.0,15844.0,12382.0,9520.0,3462.0,-2862.0
2022.acl-long.268.wav,9,5279.0,8559.0,3392.0,3280.0,5167.0,-112.0
2022.acl-long.268.wav,10,5207.0,6967.0,2102.0,1760.0,4865.0,-342.0
2022.acl-long.268.wav,11,4925.0,18445.0,14863.0,13520.0,3582.0,-1343.0
2022.acl-long.268.wav,12,4876.0,7116.0,3890.0,2240.0,3226.0,-1650.0
2022.acl-long.268.wav,13,5546.0,7866.0,3824.0,2320.0,4042.0,-1504.0
2022.acl-long.268.wav,14,4137.0,6137.0,2366.0,2000.0,3771.0,-366.0
2022.acl-long.268.wav,15,4131.0,11011.0,7059.0,6880.0,3952.0,-179.0
2022.acl-long.268.wav,16,4990.0,7390.0,3546.0,2400.0,3844.0,-1146.0
2022.acl-long.268.wav,17,6804.0,9604.0,6371.0,2800.0,3233.0,-3571.0
2022.acl-long.268.wav,18,2851.0,19891.0,15323.0,17040.0,4568.0,1717.0
2022.acl-long.268.wav,19,6386.0,15666.0,11755.0,9280.0,3911.0,-2475.0
2022.acl-long.268.wav,20,6790.0,10950.0,6917.0,4160.0,4033.0,-2757.0
2022.acl-long.268.wav,21,4711.0,11431.0,6950.0,6720.0,4481.0,-230.0
2022.acl-long.268.wav,22,4900.0,19515.0,15496.0,14615.0,4019.0,-881.0
2022.acl-long.268.wav,23,4158.0,9758.0,1661.0,5600.0,8097.0,3939.0
2022.acl-long.268.wav,24,8854.0,10934.0,6696.0,2080.0,4238.0,-4616.0
2022.acl-long.268.wav,25,3975.0,12295.0,7337.0,8320.0,4958.0,983.0
2022.acl-long.268.wav,26,4958.0,7998.0,4756.0,3040.0,3242.0,-1716.0
2022.acl-long.268.wav,27,5241.0,13561.0,10012.0,8320.0,3549.0,-1692.0
2022.acl-long.268.wav,28,5347.0,8147.0,7909.0,2800.0,238.0,-5109.0
2022.acl-long.268.wav,29,2438.0,14438.0,11340.0,12000.0,3098.0,660.0
2022.acl-long.268.wav,30,9038.0,13358.0,6856.0,4320.0,6502.0,-2536.0
2022.acl-long.268.wav,31,6061.0,9341.0,5423.0,3280.0,3918.0,-2143.0
2022.acl-long.268.wav,32,6117.0,7717.0,2503.0,1600.0,5214.0,-903.0
2022.acl-long.268.wav,33,9453.0,17293.0,10962.0,7840.0,6331.0,-3122.0
2022.acl-long.268.wav,34,8290.00000000003,12370.00000000003,5532.000000000029,4080.0,6838.0,-1452.000000000029
2022.acl-long.268.wav,35,6977.0,10657.0,6519.0,3680.0,4138.0,-2839.0
2022.acl-long.268.wav,36,4278.0,10278.0,6559.0,6000.0,3719.0,-559.0
2022.acl-long.268.wav,37,4818.0,15858.0,11895.0,11040.0,3963.0,-855.0
2022.acl-long.268.wav,38,5722.0,7242.0,3124.0,1520.0,4118.0,-1604.0
2022.acl-long.268.wav,39,7017.0,11177.0,6076.0,4160.0,5101.0,-1916.0
2022.acl-long.268.wav,40,5340.0,23580.0,19796.0,18240.0,3784.0,-1556.0
2022.acl-long.268.wav,41,4164.0,16644.0,12367.0,12480.0,4277.0,113.0
2022.acl-long.268.wav,42,5736.0,6936.0,3024.0,1200.0,3912.0,-1824.0
2022.acl-long.268.wav,43,9172.0,17572.0,14906.0,8400.0,2666.0,-6506.0
2022.acl-long.268.wav,44,1989.0,8869.0,4633.0,6880.0,4236.0,2247.0
2022.acl-long.268.wav,45,6295.0,12535.0,7891.0,6240.0,4644.0,-1651.0
2022.acl-long.268.wav,46,7244.0,9004.0,4146.0,1760.0,4858.0,-2386.0
2022.acl-long.268.wav,47,7318.0,11318.0,7577.0,4000.0,3741.0,-3577.0
2022.acl-long.268.wav,48,4441.0,11401.0,6194.0,6960.0,5207.0,766.0
2022.acl-long.268.wav,49,5746.0,15746.0,8932.0,10000.0,6814.0,1068.0
2022.acl-long.268.wav,50,6753.0,12673.0,7909.0,5920.0,4764.0,-1989.0
2022.acl-long.268.wav,51,6044.0,9084.0,4889.0,3040.0,4195.0,-1849.0
2022.acl-long.268.wav,52,4334.0,15054.0,9412.0,10720.0,5642.0,1308.0
2022.acl-long.268.wav,53,8482.0,11602.0,5434.0,3120.0,6168.0,-2314.0
2022.acl-long.268.wav,54,5407.0,6847.0,2001.0,1440.0,4846.0,-561.0
2022.acl-long.268.wav,55,7986.0,15506.0,8352.0,7520.0,7154.0,-832.0
2022.acl-long.268.wav,56,9894.0,18374.0,15789.0,8480.0,2585.0,-7309.0
2022.acl-long.268.wav,57,2505.0,15865.0,10278.0,13360.0,5587.0,3082.0
2022.acl-long.268.wav,58,4982.0,9222.0,3892.0,4240.0,5330.0,348.0
2022.acl-long.268.wav,59,5549.0,11789.0,6177.0,6240.0,5612.0,63.0
2022.acl-long.268.wav,60,7792.0,11072.0,4334.0,3280.0,6738.0,-1054.0
2022.acl-long.268.wav,61,6576.0,16336.0,10330.0,9760.0,6006.0,-570.0
2022.acl-long.268.wav,62,6344.0,15944.0,5954.0,9600.0,9990.0,3646.0
2022.acl-long.268.wav,63,11670.0,17670.0,8930.0,6000.0,8740.0,-2930.0
2022.acl-long.268.wav,64,6135.0,25975.0,20416.0,19840.0,5559.0,-576.0
2022.acl-long.268.wav,65,5257.0,9175.0,8553.0,3918.0,622.0,-4635.0
2022.acl-long.268.wav,66,2240.0,13120.0,7797.0,10880.0,5323.0,3083.0
2022.acl-long.268.wav,67,5339.0,17339.0,10781.0,12000.0,6558.0,1219.0
2022.acl-long.268.wav,68,9476.0,13396.0,6332.0,3920.0,7064.0,-2412.0
2022.acl-long.268.wav,69,8584.0,9944.0,4426.0,1360.0,5518.0,-3066.0
2022.acl-long.268.wav,70,7456.0,18256.0,12830.0,10800.0,5426.0,-2030.0
2022.acl-long.268.wav,71,9526.0,18726.0,10702.0,9200.0,8024.0,-1502.0
2022.acl-long.268.wav,72,13321.0,20361.0,13757.0,7040.0,6604.0,-6717.0
2022.acl-long.268.wav,73,6218.0,15258.0,8730.0,9040.0,6528.0,310.0
2022.acl-long.268.wav,74,7687.0,20647.0,14520.0,12960.0,6127.0,-1560.0
2022.acl-long.268.wav,75,6127.0,7087.0,1363.0,960.0,5724.0,-403.0
2022.acl-long.268.wav,76,8744.0,20504.0,12022.0,11760.0,8482.0,-262.0
2022.acl-long.268.wav,77,9321.0,13081.0,5496.0,3760.0,7585.0,-1736.0
2022.acl-long.268.wav,78,8261.0,17141.0,9714.0,8880.0,7427.0,-834.0
2022.acl-long.268.wav,79,8026.0,12346.0,7140.0,4320.0,5206.0,-2820.0
2022.acl-long.268.wav,80,9245.0,20205.0,13266.0,10960.0,6939.0,-2306.0
2022.acl-long.268.wav,81,6976.0,8336.0,2224.0,1360.0,6112.0,-864.0
2022.acl-long.268.wav,82,8551.0,15111.0,8100.0,6560.0,7011.0,-1540.0
2022.acl-long.268.wav,83,9970.0,11970.0,4907.0,2000.0,7063.0,-2907.0
2022.acl-long.268.wav,84,8703.0,10783.0,4467.0,2080.0,6316.0,-2387.0
2022.acl-long.268.wav,85,7113.0,11039.0,4730.0,3926.0,6309.0,-804.0
2022.acl-long.268.wav,86,6666.0,15866.0,8616.0,9200.0,7250.0,584.0
2022.acl-long.268.wav,87,6029.0,13469.0,7093.0,7440.0,6376.0,347.0
2022.acl-long.268.wav,88,7575.0,12535.0,5775.0,4960.0,6760.0,-815.0
2022.acl-long.268.wav,89,7177.0,8297.0,1765.0,1120.0,6532.0,-645.0
2022.acl-long.268.wav,90,6572.0,7612.0,1162.0,1040.0,6450.0,-122.0
2022.acl-long.367.wav,1,3017.0,9017.0,5432.0,6000.0,3585.0,568.0
2022.acl-long.367.wav,2,3342.0,11262.0,5857.0,7920.0,5405.0,2063.0
2022.acl-long.367.wav,3,4884.0,15044.0,12578.0,10160.0,2466.0,-2418.0
2022.acl-long.367.wav,4,2304.0,12704.0,9343.0,10400.0,3361.0,1057.0
2022.acl-long.367.wav,5,3338.0,5738.0,2991.0,2400.0,2747.0,-591.0
2022.acl-long.367.wav,6,6726.0,24566.0,20183.0,17840.0,4383.0,-2343.0
2022.acl-long.367.wav,7,3921.0,27841.0,25123.0,23920.0,2718.0,-1203.0
2022.acl-long.367.wav,8,3474.0,15554.0,12409.0,12080.0,3145.0,-329.0
2022.acl-long.367.wav,9,3964.0,18284.0,13800.0,14320.0,4484.0,520.0
2022.acl-long.367.wav,10,3823.0,15583.0,11659.0,11760.0,3924.0,101.0
2022.acl-long.367.wav,11,4684.000000000015,15084.000000000015,11619.000000000015,10400.0,3465.0,-1219.0000000000146
2022.acl-long.367.wav,12,6163.0,19203.0,13539.0,13040.0,5664.0,-499.0
2022.acl-long.367.wav,13,5722.0,10042.0,6677.0,4320.0,3365.0,-2357.0
2022.acl-long.367.wav,14,4724.0,16725.0,12819.0,12001.0,3906.0,-818.0
2022.acl-long.367.wav,15,6665.0,9465.0,4783.0,2800.0,4682.0,-1983.0
2022.acl-long.367.wav,16,7780.0,15220.0,11592.0,7440.0,3628.0,-4152.0
2022.acl-long.367.wav,17,8546.0,10546.0,5824.0,2000.0,4722.0,-3824.0
2022.acl-long.367.wav,18,3698.0,23298.0,20329.814622000005,19600.0,2968.1853779999947,-729.8146220000053
2022.acl-long.367.wav,19,6316.0,13356.0,9392.0,7040.0,3964.0,-2352.0
2022.acl-long.367.wav,20,6761.0,10841.0,7375.0,4080.0,3466.0,-3295.0
2022.acl-long.367.wav,21,4926.0,12046.0,8752.0,7120.0,3294.0,-1632.0
2022.acl-long.367.wav,22,6760.0,16760.0,11746.0,10000.0,5014.0,-1746.0
2022.acl-long.367.wav,23,6492.0,11212.0,6707.0,4720.0,4505.0,-1987.0
2022.acl-long.367.wav,24,4881.0,15361.0,10809.0,10480.0,4552.0,-329.0
2022.acl-long.367.wav,25,7591.0,15991.0,11121.0,8400.0,4870.0,-2721.0
2022.acl-long.367.wav,26,6229.0,18549.0,14236.0,12320.0,4313.0,-1916.0
2022.acl-long.367.wav,27,4671.0,14911.0,10426.0,10240.0,4485.0,-186.0
2022.acl-long.367.wav,28,7499.0,17739.0,10627.0,10240.0,7112.0,-387.0
2022.acl-long.367.wav,29,5116.0,6956.0,2847.0,1840.0,4109.0,-1007.0
2022.acl-long.367.wav,30,7587.0,19427.0,14527.0,11840.0,4900.0,-2687.0
2022.acl-long.367.wav,31,10177.0,15857.0,10504.0,5680.0,5353.0,-4824.0
2022.acl-long.367.wav,32,10471.0,27191.0,20644.0,16720.0,6547.0,-3924.0
2022.acl-long.367.wav,33,5846.0,16406.0,12470.989089999988,10560.0,3935.010910000012,-1910.9890899999882
2022.acl-long.367.wav,34,5295.02840000001,10335.02840000001,5374.021820999973,5040.0,4961.006579000037,-334.021820999973
2022.acl-long.367.wav,35,4890.0,18090.0,13405.0,13200.0,4685.0,-205.0
2022.acl-long.367.wav,36,7264.0,8864.0,3865.0,1600.0,4999.0,-2265.0
2022.acl-long.367.wav,37,8657.0,24097.0,19061.0,15440.0,5036.0,-3621.0
2022.acl-long.367.wav,38,5314.0,20434.0,13388.0,15120.0,7046.0,1732.0
2022.acl-long.367.wav,39,7225.0,18265.0,12800.0,11040.0,5465.0,-1760.0
2022.acl-long.367.wav,40,6322.0,16802.0,11644.799249999982,10480.0,5157.200750000018,-1164.7992499999818
2022.acl-long.367.wav,41,7776.0,16896.0,11068.0,9120.0,5828.0,-1948.0
2022.acl-long.367.wav,42,7047.0,14087.0,8960.0,7040.0,5127.0,-1920.0
2022.acl-long.367.wav,43,8004.999999999942,15374.999999999942,9919.999999999942,7370.0,5455.0,-2549.999999999942
2022.acl-long.367.wav,44,7611.0,22251.0,21891.0,14640.0,360.0,-7251.0
2022.acl-long.367.wav,45,3939.0,12819.0,6194.0,8880.0,6625.0,2686.0
2022.acl-long.367.wav,46,8202.0,10122.0,3707.0,1920.0,6415.0,-1787.0
2022.acl-long.367.wav,47,9971.0,22211.0,16876.0,12240.0,5335.0,-4636.0
2022.acl-long.367.wav,48,7432.0,20232.0,13962.0,12800.0,6270.0,-1162.0
2022.acl-long.367.wav,49,6945.0,19105.0,10307.0,12160.0,8798.0,1853.0
2022.acl-long.367.wav,50,8797.0,10557.0,4123.0,1760.0,6434.0,-2363.0
2022.acl-long.367.wav,51,7086.0,9966.0,3970.0,2880.0,5996.0,-1090.0
2022.acl-long.367.wav,52,7196.0,22796.0,16975.0,15600.0,5821.0,-1375.0
2022.acl-long.367.wav,53,7705.0,13065.0,6678.0,5360.0,6387.0,-1318.0
2022.acl-long.367.wav,54,6206.0,18846.0,12590.0,12640.0,6256.0,50.0
2022.acl-long.367.wav,55,8655.0,39935.0,33557.0,31280.0,6378.0,-2277.0
2022.acl-long.367.wav,56,7517.0,13757.0,7083.0,6240.0,6674.0,-843.0
2022.acl-long.590.wav,1,3638.0,15638.0,9875.0,12000.0,5763.0,2125.0
2022.acl-long.590.wav,2,7042.0,10802.0,5932.0,3760.0,4870.0,-2172.0
2022.acl-long.590.wav,3,4648.0,6248.0,3124.0,1600.0,3124.0,-1524.0
2022.acl-long.590.wav,4,5361.0,7841.0,4133.0,2480.0,3708.0,-1653.0
2022.acl-long.590.wav,5,6288.0,10768.0,8036.0,4480.0,2732.0,-3556.0
2022.acl-long.590.wav,6,4535.0,16935.0,13866.0,12400.0,3069.0,-1466.0
2022.acl-long.590.wav,7,4276.0,10996.0,7700.0,6720.0,3296.0,-980.0
2022.acl-long.590.wav,8,4214.0,13654.0,9840.0,9440.0,3814.0,-400.0
2022.acl-long.590.wav,9,7313.0,10993.0,14047.0,3680.0,-3054.0,-10367.0
2022.acl-long.590.wav,10,0.0,15665.0,12905.0,15665.0,2760.0,2760.0
2022.acl-long.590.wav,11,2357.0,5717.0,2706.0,3360.0,3011.0,654.0
2022.acl-long.590.wav,12,5126.0,6886.0,3770.0,1760.0,3116.0,-2010.0
2022.acl-long.590.wav,13,4054.0,10374.0,6471.0,6320.0,3903.0,-151.0
2022.acl-long.590.wav,14,4958.0,13518.0,9675.0,8560.0,3843.0,-1115.0
2022.acl-long.590.wav,15,4222.0,17822.0,13541.0,13600.0,4281.0,59.0
2022.acl-long.590.wav,16,5798.0,7798.0,4088.0,2000.0,3710.0,-2088.0
2022.acl-long.590.wav,17,4729.0,12809.0,9043.0,8080.0,3766.0,-963.0
2022.acl-long.590.wav,18,4344.0,15704.0,12716.0,11360.0,2988.0,-1356.0
2022.acl-long.590.wav,19,6807.0,8647.0,5027.0,1840.0,3620.0,-3187.0
2022.acl-long.590.wav,20,5677.0,16797.0,12148.0,11120.0,4649.0,-1028.0
2022.acl-long.590.wav,21,8148.0,13428.0,9559.0,5280.0,3869.0,-4279.0
2022.acl-long.590.wav,22,8968.0,16808.0,8851.0,7840.0,7957.0,-1011.0
2022.acl-long.590.wav,23,9695.0,12655.0,9502.0,2960.0,3153.0,-6542.0
2022.acl-long.590.wav,24,3911.0,10391.0,6572.0,6480.0,3819.0,-92.0
2022.acl-long.590.wav,25,5093.964600000007,18293.964600000007,16799.964600000007,13200.0,1494.0,-3599.9646000000066
2022.acl-long.590.wav,26,1312.0,22432.0,16819.0,21120.0,5613.0,4301.0
2022.acl-long.590.wav,27,7551.0,10511.0,4966.0,2960.0,5545.0,-2006.0
2022.acl-long.590.wav,28,4742.0,18662.0,11087.0,13920.0,7575.0,2833.0
2022.acl-long.590.wav,29,6479.0,14719.0,9353.0,8240.0,5366.0,-1113.0
2022.acl-long.590.wav,30,4877.0,9117.0,6830.0,4240.0,2287.0,-2590.0
2022.acl-long.590.wav,31,6846.0,8926.0,4453.0,2080.0,4473.0,-2373.0
2022.acl-long.590.wav,32,3892.0,14452.0,10118.0,10560.0,4334.0,442.0
2022.acl-long.590.wav,33,4713.0,11113.0,6209.0,6400.0,4904.0,191.0
2022.acl-long.590.wav,34,5641.99940000003,12521.99940000003,7683.006929999974,6880.0,4838.992470000056,-803.0069299999741
2022.acl-long.590.wav,35,7578.994800000044,11338.994800000044,6393.994826000009,3760.0,4944.999974000035,-2633.994826000009
2022.acl-long.590.wav,36,8385.0,12625.0,8573.0,4240.0,4052.0,-4333.0
2022.acl-long.590.wav,37,8242.0,10482.0,5434.0,2240.0,5048.0,-3194.0
2022.acl-long.590.wav,38,6385.0,15745.0,13444.0,9360.0,2301.0,-4084.0
2022.acl-long.590.wav,39,6861.0,10301.0,5584.0,3440.0,4717.0,-2144.0
2022.acl-long.590.wav,40,6033.0,14913.0,9976.0,8880.0,4937.0,-1096.0
2022.acl-long.590.wav,41,7856.000100000005,15136.000100000005,11102.984660000016,7280.0,4033.0154399999883,-3822.9846600000164
2022.acl-long.590.wav,42,4391.0,12151.0,7631.0,7760.0,4520.0,129.0
2022.acl-long.590.wav,43,4650.0,11690.0,5811.0,7040.0,5879.0,1229.0
2022.acl-long.590.wav,44,6539.0,11819.0,7124.0,5280.0,4695.0,-1844.0
2022.acl-long.590.wav,45,5333.0,16853.0,13033.0,11520.0,3820.0,-1513.0
2022.acl-long.590.wav,46,3339.0,14139.0,9114.0,10800.0,5025.0,1686.0
2022.acl-long.590.wav,47,5624.0,21304.0,17217.0,15680.0,4087.0,-1537.0
2022.acl-long.590.wav,48,3606.0,16646.0,11559.0,13040.0,5087.0,1481.0
2022.acl-long.590.wav,49,5006.0,23086.0,18712.0,18080.0,4374.0,-632.0
2022.acl-long.590.wav,50,4614.0,21574.0,16778.0,16960.0,4796.0,182.0
2022.acl-long.590.wav,51,5733.0,14533.0,16133.0,8800.0,-1600.0,-7333.0
2022.acl-long.590.wav,52,2799.0,26719.0,20166.0,23920.0,6553.0,3754.0
2022.acl-long.590.wav,53,9571.0,22851.0,17775.0,13280.0,5076.0,-4495.0
2022.acl-long.590.wav,54,7050.0,10090.0,4587.0,3040.0,5503.0,-1547.0
2022.acl-long.590.wav,55,5960.0,6680.0,1823.0,720.0,4857.0,-1103.0
