doc_id,seg_id,last_delay,recording_end,gap
2022.acl-long.110.wav,1,20377.0,9575.0,10802.0
2022.acl-long.110.wav,2,24860.0,15756.0,9104.0
2022.acl-long.110.wav,3,27602.0,16014.0,11588.0
2022.acl-long.110.wav,4,25328.0,9799.0,15529.0
2022.acl-long.110.wav,5,21388.0,4905.0,16483.0
2022.acl-long.110.wav,6,28861.0,8098.0,20763.0
2022.acl-long.110.wav,7,30720.0,11703.0,19017.0
2022.acl-long.110.wav,8,22975.0,2948.0,20027.0
2022.acl-long.110.wav,9,23487.0,1963.0,21524.0
2022.acl-long.110.wav,10,42922.0,16753.0,26169.0
2022.acl-long.110.wav,11,30248.0,2463.0,27785.0
2022.acl-long.110.wav,12,33585.0,4671.0,28914.0
2022.acl-long.110.wav,13,39112.0,9359.0,29753.0
2022.acl-long.110.wav,14,39051.0,4287.0,34764.0
2022.acl-long.110.wav,15,37176.0,3329.0,33847.0
2022.acl-long.110.wav,16,39005.999999999985,5323.999999999985,33682.0
2022.acl-long.110.wav,17,39080.0,3971.0,35109.0
2022.acl-long.110.wav,18,41808.0,5405.0,36403.0
2022.acl-long.110.wav,19,41483.0,4632.0,36851.0
2022.acl-long.110.wav,20,39489.0,1682.0,37807.0
2022.acl-long.110.wav,21,49444.0,10360.0,39084.0
2022.acl-long.110.wav,22,44022.0,4110.0,39912.0
2022.acl-long.110.wav,23,43270.0,4349.0,38921.0
2022.acl-long.110.wav,24,50019.0,4712.0,45307.0
2022.acl-long.110.wav,25,55605.0,7079.0,48526.0
2022.acl-long.110.wav,26,60183.0,10459.0,49724.0
2022.acl-long.110.wav,27,55242.0,10578.0,44664.0
2022.acl-long.110.wav,28,61383.0,9999.0,51384.0
2022.acl-long.110.wav,29,58997.0,5511.0,53486.0
2022.acl-long.110.wav,30,68943.0,9598.0,59345.0
2022.acl-long.110.wav,31,64621.0,3910.0,60711.0
2022.acl-long.110.wav,32,66269.0,6227.0,60042.0
2022.acl-long.110.wav,33,69060.0,4332.0,64728.0
2022.acl-long.110.wav,34,71387.0,3443.0,67944.0
2022.acl-long.110.wav,35,72160.0,2307.0,69853.0
2022.acl-long.110.wav,36,73811.99999999997,3763.0,70048.99999999997
2022.acl-long.110.wav,37,76029.0,4985.0,71044.0
2022.acl-long.110.wav,38,74722.0,4852.0,69870.0
2022.acl-long.110.wav,39,80629.0,5707.0,74922.0
2022.acl-long.110.wav,40,84539.0,8873.0,75666.0
2022.acl-long.110.wav,41,81625.0,3211.0,78414.0
2022.acl-long.110.wav,42,92393.0,10122.0,82271.0
2022.acl-long.110.wav,43,87651.0,2603.0,85048.0
2022.acl-long.110.wav,44,89165.0,3227.0,85938.0
2022.acl-long.110.wav,45,96056.0,9254.0,86802.0
2022.acl-long.110.wav,46,89039.0,2647.0,86392.0
2022.acl-long.110.wav,47,93752.0,5385.0,88367.0
2022.acl-long.110.wav,48,102725.0,10459.0,92266.0
2022.acl-long.110.wav,49,97763.0,5032.0,92731.0
2022.acl-long.110.wav,50,103371.0,6068.0,97303.0
2022.acl-long.110.wav,51,102501.0,3289.0,99212.0
2022.acl-long.110.wav,52,103150.0,3404.0,99746.0
2022.acl-long.110.wav,53,105965.0,3993.0,101972.0
2022.acl-long.110.wav,54,105651.0,3564.0,102087.0
2022.acl-long.110.wav,55,109144.0,6216.0,102928.0
2022.acl-long.110.wav,56,107923.0,4173.0,103750.0
2022.acl-long.110.wav,57,117149.0,13120.0,104029.0
2022.acl-long.110.wav,58,159552.0,41582.0,117970.0
2022.acl-long.110.wav,59,124148.0,4431.0,119717.0
2022.acl-long.110.wav,60,129055.0,5565.0,123490.0
2022.acl-long.110.wav,61,129948.0,6495.0,123453.0
2022.acl-long.110.wav,62,131764.0,6130.0,125634.0
2022.acl-long.110.wav,63,149353.0,22159.0,127194.0
2022.acl-long.110.wav,64,148953.0,18046.0,130907.0
2022.acl-long.110.wav,65,142566.0,8415.0,134151.0
2022.acl-long.110.wav,66,153449.0,10350.0,143099.0
2022.acl-long.110.wav,67,144978.0,2705.0,142273.0
2022.acl-long.110.wav,68,151073.0,6124.0,144949.0
2022.acl-long.110.wav,69,156588.0,8827.0,147761.0
2022.acl-long.110.wav,70,153420.0,5566.0,147854.0
2022.acl-long.110.wav,71,151583.0,3509.0,148074.0
2022.acl-long.110.wav,72,156094.0,5607.0,150487.0
2022.acl-long.110.wav,73,163566.0,8966.0,154600.0
2022.acl-long.110.wav,74,158213.0,3386.0,154827.0
2022.acl-long.110.wav,75,169565.0,9861.0,159704.0
2022.acl-long.110.wav,76,175883.0,13533.0,162350.0
2022.acl-long.110.wav,77,175369.0,6548.0,168821.0
2022.acl-long.110.wav,78,176698.0,7721.0,168977.0
2022.acl-long.110.wav,79,174515.0,5829.0,168686.0
2022.acl-long.110.wav,80,175844.0,5154.0,170690.0
2022.acl-long.110.wav,81,178029.0,9190.0,168839.0
2022.acl-long.110.wav,82,174194.0,9903.0,164291.0
2022.acl-long.110.wav,83,173270.0,3164.0,170106.0
2022.acl-long.110.wav,84,175304.0,9880.0,165424.0
2022.acl-long.110.wav,85,198003.0,14787.0,183216.0
2022.acl-long.110.wav,86,193935.0,12449.0,181486.0
2022.acl-long.110.wav,87,192184.0,8679.0,183505.0
2022.acl-long.110.wav,88,191963.0,4853.0,187110.0
2022.acl-long.110.wav,89,188608.0,1142.0,187466.0
2022.acl-long.117.wav,1,7758.0,440.0,7318.0
2022.acl-long.117.wav,2,14357.0,5232.0,9125.0
2022.acl-long.117.wav,3,17984.0,5328.0,12656.0
2022.acl-long.117.wav,4,17773.0,3606.0,14167.0
2022.acl-long.117.wav,5,19027.0,8182.0,10845.0
2022.acl-long.117.wav,6,21145.0,3787.0,17358.0
2022.acl-long.117.wav,7,36715.0,14209.0,22506.0
2022.acl-long.117.wav,8,30945.0,4983.0,25962.0
2022.acl-long.117.wav,10,38236.0,7173.0,31063.0
2022.acl-long.117.wav,11,40636.0,7173.0,33463.0
2022.acl-long.117.wav,12,37702.0,2404.0,35298.0
2022.acl-long.117.wav,13,42182.0,2404.0,39778.0
2022.acl-long.117.wav,14,43855.0,7052.0,36803.0
2022.acl-long.117.wav,15,51803.0,3803.0,48000.0
2022.acl-long.117.wav,16,54478.0,6717.0,47761.0
2022.acl-long.117.wav,17,58518.0,9900.0,48618.0
2022.acl-long.117.wav,18,48916.0,4690.0,44226.0
2022.acl-long.117.wav,19,55506.0,4283.0,51223.0
2022.acl-long.117.wav,20,58922.0,5192.0,53730.0
2022.acl-long.117.wav,21,75721.0,16803.0,58918.0
2022.acl-long.117.wav,22,61657.0,2182.0,59475.0
2022.acl-long.117.wav,23,86434.0,4574.0,81860.0
2022.acl-long.117.wav,25,78920.0,6976.0,71944.0
2022.acl-long.117.wav,26,77782.0,4932.0,72850.0
2022.acl-long.117.wav,27,82608.0,4667.0,77941.0
2022.acl-long.117.wav,28,84588.0,12000.0,72588.0
2022.acl-long.117.wav,29,93427.0,9328.0,84099.0
2022.acl-long.117.wav,30,94298.0,6894.0,87404.0
2022.acl-long.117.wav,31,91602.0,5648.0,85954.0
2022.acl-long.117.wav,32,97254.0,5396.0,91858.0
2022.acl-long.117.wav,33,105254.0,5396.0,99858.0
2022.acl-long.117.wav,34,103577.0,7959.0,95618.0
2022.acl-long.117.wav,35,105897.0,7452.0,98445.0
2022.acl-long.117.wav,36,107983.0,6839.0,101144.0
2022.acl-long.117.wav,37,109483.0,8060.0,101423.0
2022.acl-long.117.wav,38,108240.0,9814.0,98426.0
2022.acl-long.117.wav,40,118433.0,7282.0,111151.0
2022.acl-long.117.wav,41,130347.0,13616.0,116731.0
2022.acl-long.117.wav,42,127624.0,7629.0,119995.0
2022.acl-long.117.wav,43,133833.0,9111.0,124722.0
2022.acl-long.117.wav,44,130900.0,6999.0,123901.0
2022.acl-long.117.wav,45,145858.0,15123.0,130735.0
2022.acl-long.117.wav,46,134254.0,2344.0,131910.0
2022.acl-long.117.wav,47,137534.0,2344.0,135190.0
2022.acl-long.117.wav,48,146726.0,7397.0,139329.0
2022.acl-long.117.wav,49,142224.0,5233.0,136991.0
2022.acl-long.117.wav,50,146390.0,5529.0,140861.0
2022.acl-long.117.wav,51,150457.0,9175.0,141282.0
2022.acl-long.117.wav,52,148920.0,4830.0,144090.0
2022.acl-long.117.wav,53,148150.0,3548.0,144602.0
2022.acl-long.117.wav,55,151481.0,5030.0,146451.0
2022.acl-long.117.wav,56,151971.0,5444.0,146527.0
2022.acl-long.117.wav,57,150844.0,4052.0,146792.0
2022.acl-long.117.wav,58,151492.0,4764.0,146728.0
2022.acl-long.117.wav,59,150000.0,2771.0,147229.0
2022.acl-long.117.wav,60,163969.0,11014.0,152955.0
2022.acl-long.117.wav,61,159192.0,5887.0,153305.0
2022.acl-long.117.wav,62,163395.0,8252.0,155143.0
2022.acl-long.117.wav,63,166262.0,10339.0,155923.0
2022.acl-long.117.wav,64,168541.0,4532.0,164009.0
2022.acl-long.117.wav,65,171981.0,4532.0,167449.0
2022.acl-long.117.wav,66,177341.0,4532.0,172809.0
2022.acl-long.117.wav,67,179554.0,4532.0,175022.0
2022.acl-long.117.wav,68,205913.0,4532.0,201381.0
2022.acl-long.117.wav,69,206202.0,4532.0,201670.0
2022.acl-long.117.wav,70,201430.0,3643.0,197787.0
2022.acl-long.117.wav,71,196681.0,5291.0,191390.0
2022.acl-long.117.wav,72,196681.0,5291.0,191390.0
2022.acl-long.117.wav,73,196681.0,5291.0,191390.0
2022.acl-long.117.wav,74,196681.0,5291.0,191390.0
2022.acl-long.117.wav,75,196681.0,5291.0,191390.0
2022.acl-long.117.wav,76,196681.0,5291.0,191390.0
2022.acl-long.117.wav,77,189716.0,7412.0,182304.0
2022.acl-long.117.wav,81,170930.0,3264.0,167666.0
2022.acl-long.117.wav,82,168888.0,6116.0,162772.0
2022.acl-long.117.wav,88,132704.0,6718.0,125986.0
2022.acl-long.117.wav,89,132704.0,6718.0,125986.0
2022.acl-long.117.wav,90,132704.0,6718.0,125986.0
2022.acl-long.117.wav,91,132704.0,6718.0,125986.0
2022.acl-long.117.wav,92,132704.0,6718.0,125986.0
2022.acl-long.117.wav,93,132704.0,6718.0,125986.0
2022.acl-long.117.wav,94,132704.0,6718.0,125986.0
2022.acl-long.117.wav,95,132704.0,6718.0,125986.0
2022.acl-long.117.wav,96,132704.0,6718.0,125986.0
2022.acl-long.117.wav,97,132704.0,6718.0,125986.0
2022.acl-long.117.wav,98,132704.0,6718.0,125986.0
2022.acl-long.117.wav,99,132704.0,6718.0,125986.0
2022.acl-long.117.wav,100,132704.0,6718.0,125986.0
2022.acl-long.117.wav,101,132704.0,6718.0,125986.0
2022.acl-long.117.wav,102,124097.0,8200.0,115897.0
2022.acl-long.117.wav,103,115735.0,9295.0,106440.0
2022.acl-long.117.wav,104,115735.0,9295.0,106440.0
2022.acl-long.117.wav,105,115735.0,9295.0,106440.0
2022.acl-long.117.wav,106,206885.0,9295.0,197590.0
2022.acl-long.117.wav,107,213447.0,7393.0,206054.0
2022.acl-long.117.wav,108,217227.0,7773.0,209454.0
2022.acl-long.117.wav,109,215131.0,4232.0,210899.0
2022.acl-long.117.wav,110,215778.0,4945.0,210833.0
2022.acl-long.117.wav,111,214991.0,2690.0,212301.0
2022.acl-long.117.wav,112,220700.0,8937.0,211763.0
2022.acl-long.117.wav,113,218380.0,5793.0,212587.0
2022.acl-long.117.wav,114,221906.0,7843.0,214063.0
2022.acl-long.117.wav,115,218882.0,7073.0,211809.0
2022.acl-long.117.wav,116,220402.0,7073.0,213329.0
2022.acl-long.117.wav,117,221305.0,5473.0,215832.0
2022.acl-long.117.wav,118,232770.0,14648.0,218122.0
2022.acl-long.117.wav,119,226221.0,4785.0,221436.0
2022.acl-long.117.wav,120,224807.0,7673.0,217134.0
2022.acl-long.117.wav,132,136905.0,502.0,136403.0
2022.acl-long.268.wav,1,18275.0,9160.0,9115.0
2022.acl-long.268.wav,2,18816.0,10054.0,8762.0
2022.acl-long.268.wav,3,16759.0,4591.0,12168.0
2022.acl-long.268.wav,4,15946.0,5497.0,10449.0
2022.acl-long.268.wav,5,17089.0,3506.0,13583.0
2022.acl-long.268.wav,6,26523.0,7920.0,18603.0
2022.acl-long.268.wav,7,26641.0,8136.0,18505.0
2022.acl-long.268.wav,8,30484.0,12382.0,18102.0
2022.acl-long.268.wav,9,22719.0,3392.0,19327.0
2022.acl-long.268.wav,10,22407.0,2102.0,20305.0
2022.acl-long.268.wav,11,32925.0,14863.0,18062.0
2022.acl-long.268.wav,12,19836.0,3890.0,15946.0
2022.acl-long.268.wav,13,20506.0,3824.0,16682.0
2022.acl-long.268.wav,14,18857.0,2366.0,16491.0
2022.acl-long.268.wav,15,27891.0,7059.0,20832.0
2022.acl-long.268.wav,16,24910.0,3546.0,21364.0
2022.acl-long.268.wav,17,27524.0,6371.0,21153.0
2022.acl-long.268.wav,18,26611.0,5114.0,21497.0
2022.acl-long.268.wav,19,34255.0,9847.0,24408.0
2022.acl-long.268.wav,20,35106.0,11755.0,23351.0
2022.acl-long.268.wav,21,29510.0,6917.0,22593.0
2022.acl-long.268.wav,22,28102.0,6950.0,21152.0
2022.acl-long.268.wav,23,30931.0,12474.0,18457.0
2022.acl-long.268.wav,24,22197.0,3002.0,19195.0
2022.acl-long.268.wav,25,20854.0,1661.0,19193.0
2022.acl-long.268.wav,26,31790.0,6696.0,25094.0
2022.acl-long.268.wav,27,32031.0,7337.0,24694.0
2022.acl-long.268.wav,28,35391.0,7337.0,28054.0
2022.acl-long.268.wav,29,29894.0,4756.0,25138.0
2022.acl-long.268.wav,30,39217.0,10012.0,29205.0
2022.acl-long.268.wav,31,32763.0,2244.0,30519.0
2022.acl-long.268.wav,32,36019.0,5645.0,30374.0
2022.acl-long.268.wav,33,36654.0,6071.0,30583.0
2022.acl-long.268.wav,34,36202.0,5208.0,30994.0
2022.acl-long.268.wav,35,39494.0,6856.0,32638.0
2022.acl-long.268.wav,36,37957.0,5423.0,32534.0
2022.acl-long.268.wav,37,35773.0,2503.0,33270.0
2022.acl-long.268.wav,38,39749.0,10962.0,28787.0
2022.acl-long.268.wav,39,37226.00000000003,5532.000000000029,31694.0
2022.acl-long.268.wav,40,42633.0,6519.0,36114.0
2022.acl-long.268.wav,41,39134.0,2491.0,36643.0
2022.acl-long.268.wav,42,40883.0,4068.0,36815.0
2022.acl-long.268.wav,43,50154.0,11895.0,38259.0
2022.acl-long.268.wav,44,52018.0,9341.0,42677.0
2022.acl-long.268.wav,45,48836.0,6624.0,42212.0
2022.acl-long.268.wav,46,58592.0,12910.0,45682.0
2022.acl-long.268.wav,47,56459.0,7897.0,48562.0
2022.acl-long.268.wav,48,67502.0,12367.0,55135.0
2022.acl-long.268.wav,49,65634.0,9353.0,56281.0
2022.acl-long.268.wav,50,66741.0,8497.0,58244.0
2022.acl-long.268.wav,51,61160.0,4633.0,56527.0
2022.acl-long.268.wav,52,71786.0,12157.0,59629.0
2022.acl-long.268.wav,53,65769.0,7577.0,58192.0
2022.acl-long.268.wav,54,67212.0,6194.0,61018.0
2022.acl-long.268.wav,55,69397.0,8932.0,60465.0
2022.acl-long.268.wav,56,64484.0,3126.0,61358.0
2022.acl-long.268.wav,57,63917.0,3742.0,60175.0
2022.acl-long.268.wav,58,63855.0,4889.0,58966.0
2022.acl-long.268.wav,59,62705.0,2226.0,60479.0
2022.acl-long.268.wav,60,68939.0,3823.0,65116.0
2022.acl-long.268.wav,61,69616.0,8677.0,60939.0
2022.acl-long.268.wav,62,64818.0,2001.0,62817.0
2022.acl-long.268.wav,63,70757.0,8352.0,62405.0
2022.acl-long.268.wav,64,67065.0,15789.0,51276.0
2022.acl-long.268.wav,65,70156.0,10278.0,59878.0
2022.acl-long.268.wav,66,70793.0,3892.0,66901.0
2022.acl-long.268.wav,67,72278.0,6177.0,66101.0
2022.acl-long.268.wav,68,71721.0,4334.0,67387.0
2022.acl-long.268.wav,69,71145.0,1445.0,69700.0
2022.acl-long.268.wav,70,91979.0,8844.0,83135.0
2022.acl-long.268.wav,71,87473.0,5954.0,81519.0
2022.acl-long.268.wav,72,83919.0,8930.0,74989.0
2022.acl-long.268.wav,73,99984.0,20416.0,79568.0
2022.acl-long.268.wav,74,103666.0,16492.0,87174.0
2022.acl-long.268.wav,75,93430.0,10781.0,82649.0
2022.acl-long.268.wav,76,89327.0,6332.0,82995.0
2022.acl-long.268.wav,77,112915.0,28560.0,84355.0
2022.acl-long.268.wav,78,93732.0,10833.0,82899.0
2022.acl-long.268.wav,79,87159.0,2864.0,84295.0
2022.acl-long.268.wav,80,90709.0,8730.0,81979.0
2022.acl-long.268.wav,81,103218.0,14520.0,88698.0
2022.acl-long.268.wav,82,91854.0,1363.0,90491.0
2022.acl-long.268.wav,83,93111.0,12022.0,81089.0
2022.acl-long.268.wav,84,105031.0,12022.0,93009.0
2022.acl-long.268.wav,85,102728.0,5496.0,97232.0
2022.acl-long.268.wav,86,106388.0,9714.0,96674.0
2022.acl-long.268.wav,87,104073.0,7140.0,96933.0
2022.acl-long.268.wav,88,111532.0,13266.0,98266.0
2022.acl-long.268.wav,89,99983.0,2224.0,97759.0
2022.acl-long.268.wav,90,106998.0,8100.0,98898.0
2022.acl-long.268.wav,91,106577.0,4907.0,101670.0
2022.acl-long.268.wav,92,105630.0,4467.0,101163.0
2022.acl-long.268.wav,93,105880.0,4730.0,101150.0
2022.acl-long.268.wav,94,111907.0,8616.0,103291.0
2022.acl-long.268.wav,95,108310.0,4286.0,104024.0
2022.acl-long.268.wav,96,107943.0,2646.0,105297.0
2022.acl-long.268.wav,97,114416.0,5775.0,108641.0
2022.acl-long.268.wav,98,109938.0,1765.0,108173.0
2022.acl-long.268.wav,99,110293.0,1162.0,109131.0
2022.acl-long.367.wav,1,5817.0,1683.0,4134.0
2022.acl-long.367.wav,2,14273.0,3648.0,10625.0
2022.acl-long.367.wav,3,13262.0,5857.0,7405.0
2022.acl-long.367.wav,4,9604.0,3781.0,5823.0
2022.acl-long.367.wav,5,10862.0,3261.0,7601.0
2022.acl-long.367.wav,6,12458.0,5032.0,7426.0
2022.acl-long.367.wav,7,16784.0,9343.0,7441.0
2022.acl-long.367.wav,8,10778.0,2991.0,7787.0
2022.acl-long.367.wav,9,31366.0,20183.0,11183.0
2022.acl-long.367.wav,10,24801.0,9618.0,15183.0
2022.acl-long.367.wav,11,23361.0,15043.0,8318.0
2022.acl-long.367.wav,12,29154.0,12409.0,16745.0
2022.acl-long.367.wav,13,37644.0,13800.0,23844.0
2022.acl-long.367.wav,14,38703.0,11659.0,27044.0
2022.acl-long.367.wav,15,42684.000000000015,11619.000000000015,31065.0
2022.acl-long.367.wav,16,30723.0,4582.0,26141.0
2022.acl-long.367.wav,17,38809.0,8676.0,30133.0
2022.acl-long.367.wav,18,39151.0,6677.0,32474.0
2022.acl-long.367.wav,19,43273.0,12819.0,30454.0
2022.acl-long.367.wav,20,35613.0,4783.0,30830.0
2022.acl-long.367.wav,21,44728.0,11592.0,33136.0
2022.acl-long.367.wav,22,37254.0,5824.0,31430.0
2022.acl-long.367.wav,23,35446.0,5312.0,30134.0
2022.acl-long.367.wav,24,30404.0,2444.0,27960.0
2022.acl-long.367.wav,25,29856.0,1883.0,27973.0
2022.acl-long.367.wav,26,30249.0,5772.814622000005,24476.185377999995
2022.acl-long.367.wav,27,37584.0,9392.0,28192.0
2022.acl-long.367.wav,28,33629.0,7375.0,26254.0
2022.acl-long.367.wav,29,33074.0,8752.0,24322.0
2022.acl-long.367.wav,30,43708.0,19855.0,23853.0
2022.acl-long.367.wav,31,34229.0,10809.0,23420.0
2022.acl-long.367.wav,32,28859.0,11121.0,17738.0
2022.acl-long.367.wav,33,29097.0,3684.0,25413.0
2022.acl-long.367.wav,34,35489.0,10148.0,25341.0
2022.acl-long.367.wav,35,33059.0,10426.0,22633.0
2022.acl-long.367.wav,36,25007.0,10627.0,14380.0
2022.acl-long.367.wav,37,22251.0,2847.0,19404.0
2022.acl-long.367.wav,38,23402.0,4391.0,19011.0
2022.acl-long.367.wav,39,24489.0,4969.0,19520.0
2022.acl-long.367.wav,40,24200.0,4925.0,19275.0
2022.acl-long.367.wav,41,28392.0,10504.0,17888.0
2022.acl-long.367.wav,42,23806.0,7548.0,16258.0
2022.acl-long.367.wav,43,23811.0,4810.0,19001.0
2022.acl-long.367.wav,44,24158.0,5556.0,18602.0
2022.acl-long.367.wav,45,35901.0,12470.989089999988,23430.01091000001
2022.acl-long.367.wav,46,29750.02840000001,5374.021820999973,24376.006579000037
2022.acl-long.367.wav,47,31585.0,8721.0,22864.0
2022.acl-long.367.wav,48,27123.0,4143.0,22980.0
2022.acl-long.367.wav,49,26919.0,3865.0,23054.0
2022.acl-long.367.wav,50,32872.0,7782.0,25090.0
2022.acl-long.367.wav,51,36409.0,10758.0,25651.0
2022.acl-long.367.wav,52,45849.0,13388.0,32461.0
2022.acl-long.367.wav,53,46960.0,12800.0,34160.0
2022.acl-long.367.wav,54,44057.0,11644.799249999982,32412.200750000018
2022.acl-long.367.wav,55,38631.0,4089.0,34542.0
2022.acl-long.367.wav,56,53037.0,6758.0,46279.0
2022.acl-long.367.wav,57,47898.0,8960.0,38938.0
2022.acl-long.367.wav,58,50695.99999999994,9919.999999999942,40776.0
2022.acl-long.367.wav,59,58532.0,16670.0,41862.0
2022.acl-long.367.wav,60,41206.0,1765.0,39441.0
2022.acl-long.367.wav,61,48380.0,6194.0,42186.0
2022.acl-long.367.wav,62,52963.0,9926.0,43037.0
2022.acl-long.367.wav,63,54034.0,10898.0,43136.0
2022.acl-long.367.wav,64,57473.0,13962.0,43511.0
2022.acl-long.367.wav,65,56826.0,10307.0,46519.0
2022.acl-long.367.wav,66,52038.0,4123.0,47915.0
2022.acl-long.367.wav,67,52647.0,3970.0,48677.0
2022.acl-long.367.wav,68,61077.0,7880.0,53197.0
2022.acl-long.367.wav,69,59277.0,4745.0,54532.0
2022.acl-long.367.wav,70,59049.0,3107.0,55942.0
2022.acl-long.367.wav,71,65426.0,6678.0,58748.0
2022.acl-long.367.wav,72,73927.0,12590.0,61337.0
2022.acl-long.367.wav,73,68936.0,8856.0,60080.0
2022.acl-long.367.wav,74,69144.0,9522.0,59622.0
2022.acl-long.367.wav,75,76382.0,14158.0,62224.0
2022.acl-long.367.wav,76,72803.0,7083.0,65720.0
2022.acl-long.590.wav,1,7398.0,9875.0,-2477.0
2022.acl-long.590.wav,2,6562.0,5932.0,630.0
2022.acl-long.590.wav,3,16802.0,5932.0,10870.0
2022.acl-long.590.wav,4,14168.0,3124.0,11044.0
2022.acl-long.590.wav,5,14881.0,4133.0,10748.0
2022.acl-long.590.wav,6,19728.0,8036.0,11692.0
2022.acl-long.590.wav,7,13575.0,2867.0,10708.0
2022.acl-long.590.wav,8,25807.0,10818.0,14989.0
2022.acl-long.590.wav,9,22036.0,7700.0,14336.0
2022.acl-long.590.wav,10,24934.0,9840.0,15094.0
2022.acl-long.590.wav,11,26273.0,14047.0,12226.0
2022.acl-long.590.wav,12,22865.0,12905.0,9960.0
2022.acl-long.590.wav,13,11877.0,2706.0,9171.0
2022.acl-long.590.wav,14,12246.0,3770.0,8476.0
2022.acl-long.590.wav,15,16534.0,6471.0,10063.0
2022.acl-long.590.wav,16,22558.0,9675.0,12883.0
2022.acl-long.590.wav,17,27742.0,13541.0,14201.0
2022.acl-long.590.wav,18,20438.0,4088.0,16350.0
2022.acl-long.590.wav,19,34729.0,9043.0,25686.0
2022.acl-long.590.wav,20,28245.0,12716.0,15529.0
2022.acl-long.590.wav,21,31948.0,20798.0,11150.0
2022.acl-long.590.wav,22,19609.0,9559.0,10050.0
2022.acl-long.590.wav,23,13869.0,3142.0,10727.0
2022.acl-long.590.wav,24,14386.0,4408.0,9978.0
2022.acl-long.590.wav,25,19076.0,9502.0,9574.0
2022.acl-long.590.wav,26,11452.0,1441.0,10011.0
2022.acl-long.590.wav,27,17110.0,5110.0,12000.0
2022.acl-long.590.wav,28,22794.964600000007,5747.9645930000115,17047.000006999995
2022.acl-long.590.wav,29,21626.0,7751.0,13875.0
2022.acl-long.590.wav,30,31357.0,18683.0,12674.0
2022.acl-long.590.wav,31,19652.0,4966.0,14686.0
2022.acl-long.590.wav,32,27803.0,11087.0,16716.0
2022.acl-long.590.wav,33,18340.0,9353.0,8987.0
2022.acl-long.590.wav,34,15698.0,6830.0,8868.0
2022.acl-long.590.wav,35,14787.0,4453.0,10334.0
2022.acl-long.590.wav,36,31833.0,16668.0,15165.0
2022.acl-long.590.wav,37,24462.99940000003,7683.006929999974,16779.992470000056
2022.acl-long.590.wav,38,25759.994800000044,6393.994826000009,19365.999974000035
2022.acl-long.590.wav,39,29443.0,8573.0,20870.0
2022.acl-long.590.wav,40,25026.0,5434.0,19592.0
2022.acl-long.590.wav,41,29409.0,13444.0,15965.0
2022.acl-long.590.wav,42,25165.0,5584.0,19581.0
2022.acl-long.590.wav,43,24177.0,5491.0,18686.0
2022.acl-long.590.wav,44,29184.0,14686.984560000012,14497.015439999988
2022.acl-long.590.wav,45,28455.0,22656.0,5799.0
2022.acl-long.590.wav,46,23237.0,13033.0,10204.0
2022.acl-long.590.wav,47,13963.0,9114.0,4849.0
2022.acl-long.590.wav,48,24488.0,10376.0,14112.0
2022.acl-long.590.wav,49,22030.0,6359.0,15671.0
2022.acl-long.590.wav,50,21030.0,4666.0,16364.0
2022.acl-long.590.wav,51,38443.0,17379.0,21064.0
2022.acl-long.590.wav,52,39083.0,7525.0,31558.0
2022.acl-long.590.wav,53,39638.0,16778.0,22860.0
2022.acl-long.590.wav,54,38586.0,16133.0,22453.0
2022.acl-long.590.wav,55,31692.0,12435.0,19257.0
2022.acl-long.590.wav,56,28575.0,6409.0,22166.0
2022.acl-long.590.wav,57,48064.0,17775.0,30289.0
2022.acl-long.590.wav,58,31863.0,4587.0,27276.0
2022.acl-long.590.wav,59,29813.0,1823.0,27990.0
